{"cameraMode":{"drawMode":0,"name":"Shaded","section":"Shading Mode"},"sceneLighting":true,"audioPlay":false,"sceneViewState":{"m_AlwaysRefresh":false,"showFog":true,"showSkybox":true,"showFlares":true,"showImageEffects":true,"showParticleSystems":true,"showVisualEffectGraphs":true,"m_FxEnabled":true},"in2DMode":false,"pivot":{"x":-4.6921916007995609,"y":10.533642768859864,"z":-10.917990684509278},"rotation":{"x":0.22163814306259156,"y":0.007313578389585018,"z":-0.0016619616653770209,"w":0.9751021862030029},"size":3.5945675373077394,"orthographic":false}