{"cameraMode":{"drawMode":0,"name":"Shaded","section":"Shading Mode"},"sceneLighting":true,"audioPlay":false,"sceneViewState":{"m_AlwaysRefresh":false,"showFog":true,"showSkybox":true,"showFlares":true,"showImageEffects":true,"showParticleSystems":true,"showVisualEffectGraphs":true,"m_FxEnabled":true},"in2DMode":false,"pivot":{"x":-3.9227936267852785,"y":14.197725296020508,"z":-10.268220901489258},"rotation":{"x":0.1273423582315445,"y":-0.043134480714797977,"z":0.005548703018575907,"w":0.9909159541130066},"size":5.756272315979004,"orthographic":false}