{"cameraMode":{"drawMode":0,"name":"Shaded","section":"Shading Mode"},"sceneLighting":true,"audioPlay":false,"sceneViewState":{"m_AlwaysRefresh":false,"showFog":true,"showSkybox":true,"showFlares":true,"showImageEffects":true,"showParticleSystems":true,"showVisualEffectGraphs":true,"m_FxEnabled":true},"in2DMode":false,"pivot":{"x":0.19665652513504029,"y":1.758808970451355,"z":-0.7325916290283203},"rotation":{"x":-0.009708976373076439,"y":0.9881815910339356,"z":-0.13573002815246583,"w":-0.07066522538661957},"size":2.1184895038604738,"orthographic":false}