{"cameraMode":{"drawMode":0,"name":"Shaded","section":"Shading Mode"},"sceneLighting":true,"audioPlay":false,"sceneViewState":{"m_AlwaysRefresh":false,"showFog":true,"showSkybox":true,"showFlares":true,"showImageEffects":true,"showParticleSystems":true,"showVisualEffectGraphs":true,"m_FxEnabled":true},"in2DMode":false,"pivot":{"x":10.31042194366455,"y":-0.458033949136734,"z":15.671579360961914},"rotation":{"x":-0.3743811845779419,"y":-0.034213315695524219,"z":0.013819296844303608,"w":-0.9265496134757996},"size":28.49692153930664,"orthographic":false}