{"cameraMode":{"drawMode":0,"name":"Shaded","section":"Shading Mode"},"sceneLighting":true,"audioPlay":false,"sceneViewState":{"m_AlwaysRefresh":false,"showFog":true,"showSkybox":true,"showFlares":true,"showImageEffects":true,"showParticleSystems":true,"showVisualEffectGraphs":true,"m_FxEnabled":true},"in2DMode":false,"pivot":{"x":803.1165771484375,"y":604.2291870117188,"z":240.26129150390626},"rotation":{"x":-0.005690105725079775,"y":-0.013502723537385464,"z":-0.00007141917740227655,"w":0.9999039769172669},"size":647.896240234375,"orthographic":false}