{"cameraMode":{"drawMode":0,"name":"Shaded","section":"Shading Mode"},"sceneLighting":true,"audioPlay":false,"sceneViewState":{"m_AlwaysRefresh":false,"showFog":true,"showSkybox":true,"showFlares":true,"showImageEffects":true,"showParticleSystems":true,"showVisualEffectGraphs":true,"m_FxEnabled":true},"in2DMode":false,"pivot":{"x":2.5918467044830324,"y":5.038938045501709,"z":78.57975769042969},"rotation":{"x":0.003478200640529394,"y":-0.8145148754119873,"z":-0.004888792056590319,"w":-0.5801235437393189},"size":4.656016826629639,"orthographic":false}